countries,count
United States of America,579
China,273
India,174
United Kingdom,173
Italy,112
Japan,111
Germany,89
Australia,89
France,71
Canada,65
Spain,45
Netherlands,33
Greece,29
Hong Kong,28
Taiwan,28
Switzerland,28
Finland,26
Iran,25
Russian Federation,25
Sweden,24
Israel,23
Belgium,23
South Korea,23
Portugal,22
Brazil,18
Morocco,18
Singapore,17
Malaysia,15
Austria,14
Turkey,13
Nigeria,13
Denmark,13
Ireland,13
Hungary,12
Qatar,10
Norway,10
Chile,10
Saudi Arabia,9
United Arab Emirates,9
Algeria,9
Egypt,8
Jordan,8
Ukraine,8
Viet Nam,8
Indonesia,7
New Zealand,7
South Africa,7
Thailand,6
Tunisia,6
Poland,5
Pakistan,5
Ethiopia,5
Slovenia,4
Mexico,4
Argentina,4
Romania,3
Luxembourg,3
Czech Republic,3
Lebanon,3
Syrian Arab Republic,3
Mauritius,3
Philippines,3
Serbia,2
Colombia,2
Cyprus,2
Bangladesh,2
Zimbabwe,2
Uganda,2
Bulgaria,2
Think3 Inc.,1
Department of Information Management,1
Armenia,1
Georgia,1
CASS,1
Mozambique,1
Gradute Univ. of CAS,1
Costa Rica,1
Thinghua University,1
CAS,1
RTL â€“ RTL,1
Libyan Arab Jamahiriya,1
Peking University,1
French Polynesia,1
Ecuador,1
638052,1
Nepal,1
Namibia,1
Croatia,1
Kenya,1
Palestine,1
Sudan,1
Cote d'Ivoire,1
Madurai,1
Tamil Nadu  630 561,1
Melmaruvathur,1
Amman,1
Tamil Nadu,1
Venezuela,1
Azerbaijan,1
Yemen,1
Open Culture International Association,1
